frame,video_time_s,time_since_release_s,ball_center_x_px,ball_center_y_px,filtered_center_y_px,raw_height_cm,height_cm,raw_velocity_cm_s,velocity_cm_s,velocity_time_s,raw_acceleration_cm_s2,acceleration_cm_s2,acceleration_time_s
72,2.400000,0.000000,209.775,50.453,50.453,150.000,150.000,-26.889,-26.273,0.016667,-1034.192,-1049.482,0.033333
73,2.433333,0.033333,209.225,55.544,55.427,149.104,149.124,-61.363,-61.255,0.050000,-989.965,-1058.949,0.066667
74,2.466667,0.066667,208.741,67.161,67.024,147.058,147.082,-94.361,-96.554,0.083333,-1199.095,-1052.664,0.100000
75,2.500000,0.100000,208.263,85.025,85.303,143.913,143.864,-134.331,-131.643,0.116667,-894.255,-998.997,0.133333
76,2.533333,0.133333,207.961,110.457,110.226,139.435,139.476,-164.140,-164.942,0.150000,-1016.480,-1076.811,0.166667
77,2.566667,0.166667,207.640,141.531,141.452,133.964,133.978,-198.022,-200.836,0.183333,-1284.820,-1048.944,0.200000
78,2.600000,0.200000,207.627,179.020,179.474,127.363,127.283,-240.850,-235.801,0.216667,-714.463,-969.455,0.233333
79,2.633333,0.233333,207.500,224.617,224.115,119.335,119.423,-264.665,-268.116,0.250000,-1072.487,-991.493,0.266667
80,2.666667,0.266667,207.773,274.723,274.874,110.513,110.486,-300.415,-301.166,0.283333,-1151.064,-1037.789,0.300000
81,2.700000,0.300000,207.968,331.597,331.890,100.499,100.447,-338.784,-335.759,0.316667,-687.288,-771.316,0.333333
82,2.733333,0.333333,208.079,395.734,395.455,89.206,89.255,-361.693,-361.469,0.350000,-739.791,-933.675,0.366667
83,2.766667,0.366667,208.561,464.209,463.888,77.150,77.206,-386.353,-392.592,0.383333,-1386.873,-920.544,0.400000
84,2.800000,0.400000,209.866,537.352,538.212,64.271,64.120,-432.582,-423.277,0.416667,-444.856,-902.478,0.433333
85,2.833333,0.433333,209.824,619.248,618.346,49.852,50.011,-447.410,-453.359,0.450000,,,
86,2.866667,0.466667,209.390,703.950,704.175,34.938,34.899,-486.429,-534.079,0.483333,,,
87,2.900000,0.500000,209.746,796.040,805.285,18.724,17.096,-535.827,-344.647,0.516667,,,
88,2.933333,0.533333,210.252,897.481,870.533,0.863,5.608,,,,,,
89,2.966667,0.566667,210.092,902.382,902.382,0.000,0.000,,,,,,
